{
  "O": {
    "row_index": 7631,
    "raw_63": [
      0.0,
      0.0,
      0.0,
      0.39414352667160313,
      -0.3272358849584888,
      0.2555051787232308,
      0.5302028367986624,
      -0.6329163795449734,
      0.3227872315393495,
      0.7147051924210979,
      -0.841400216537655,
      0.2903125436440937,
      0.745907202079105,
      -1.031963675033769,
      0.2634721764397047,
      -0.30415374544791857,
      -0.8682158941037542,
      0.4112950244863556,
      -0.058496782393458915,
      -1.237064218275035,
      0.32475589615666717,
      0.32233292944702824,
      -1.2359123159389729,
      0.21772432447661103,
      0.5602633137686888,
      -1.1205703136738334,
      0.1715999264829667,
      -0.4326862014926254,
      -0.8797936497568745,
      0.19683949015723734,
      -0.08323579995969829,
      -1.3266853396291052,
      0.06026253997846038,
      0.38054633288618844,
      -1.2790885387477655,
      -0.0737354032011619,
      0.6288686731038666,
      -1.1055249128462472,
      -0.12129014455750942,
      -0.44989098713165865,
      -0.8757308390664611,
      -0.023521464352826534,
      -0.19736466958581678,
      -1.3568817838895244,
      -0.09841894169783275,
      0.2756767166446247,
      -1.3377512936037974,
      -0.14278185018604295,
      0.5473662600319023,
      -1.1887985605691118,
      -0.14250109995205623,
      -0.3546760651401501,
      -0.8414686504056672,
      -0.23337362288449598,
      -0.1490002823733681,
      -1.2490571955509209,
      -0.2715565841989545,
      0.194109587673708,
      -1.3119848094784754,
      -0.27104083217840014,
      0.45269909945082476,
      -1.260740942368887,
      -0.2511605030544996
    ],
    "engineered_17": [
      0.43755272030830383,
      0.5579189658164978,
      0.9603559374809265,
      0.44841718673706055,
      0.9738994240760803,
      0.5104662775993347,
      1.1202744245529175,
      0.46996745467185974,
      0.924865186214447,
      0.38381391763687134,
      1.1567401885986328,
      0.9827821850776672,
      1.0628232955932617,
      1.013414978981018,
      0.9863123297691345,
      0.22528937458992004,
      0.40884143114089966
    ]
  },
  "C": {
    "row_index": 931,
    "raw_63": [
      0.0,
      0.0,
      0.0,
      0.5425657755443186,
      -0.3160691393954855,
      0.11267252690304443,
      0.7433714202320516,
      -0.6336660976081753,
      0.14781570955472773,
      0.9195218972918143,
      -0.8160126845061153,
      0.09229945670816633,
      1.0053933715423884,
      -1.0604265410175018,
      0.02107978845603269,
      0.14654765037892348,
      -0.9931425997127332,
      0.4548521721018243,
      0.04308486617041935,
      -1.3639340760867438,
      0.39262140675728746,
      0.22917100185213482,
      -1.5194427263531232,
      0.25581986009232044,
      0.44982014077611604,
      -1.5824952376855743,
      0.14360735162659224,
      -0.016492329604351083,
      -0.9702534249511561,
      0.24152907575439597,
      -0.18191917087846887,
      -1.3936454068076698,
      0.1465517399036965,
      0.06888606860459137,
      -1.5427547084151116,
      -0.04684149495454753,
      0.3569171267866864,
      -1.5011609620027169,
      -0.1870523379878858,
      -0.1911605060598457,
      -0.9159584470943359,
      -0.012821862712125189,
      -0.364915700959372,
      -1.3438309004456945,
      -0.13138985077004603,
      -0.10975152361000663,
      -1.4928287962269748,
      -0.279853490751429,
      0.1753531686624186,
      -1.49070002320348,
      -0.37822608700280763,
      -0.3435688539453727,
      -0.8191209525742315,
      -0.27481940399174737,
      -0.4099876647155222,
      -1.1810637452512063,
      -0.40869310540512416,
      -0.22353317289562033,
      -1.3486885756813651,
      -0.5124787844366446,
      0.010825881071452935,
      -1.4158003158968195,
      -0.588486803330536
    ],
    "engineered_17": [
      0.3696255087852478,
      0.42079201340675354,
      1.1239179372787476,
      0.37372440099716187,
      1.3221144676208496,
      0.6027341485023499,
      1.3337870836257935,
      0.5101600289344788,
      0.9456909894943237,
      0.4351179599761963,
      1.117810845375061,
      0.8591307401657104,
      0.7911393642425537,
      0.7922796010971069,
      0.8548856377601624,
      0.7721595168113708,
      0.8112257719039917
    ]
  },
  "M": {
    "row_index": 6583,
    "raw_63": [
      0.0,
      0.0,
      0.0,
      0.004861901868930155,
      0.21251195217653412,
      -0.4454549506867978,
      0.11896288611366747,
      0.2549057442452153,
      -0.7492238103088018,
      0.36340523009747366,
      0.20198041916548715,
      -0.9685466019620931,
      0.5953037199124748,
      0.1326321179514239,
      -1.1468655339941858,
      -0.16574786129573787,
      -0.4170883569662928,
      -0.8450000683725651,
      0.13124918752914977,
      -0.4990058414142633,
      -1.137701526949954,
      0.41947434272148393,
      -0.20957889514744113,
      -1.2201665088820566,
      0.553324691284842,
      0.018466958623470944,
      -1.2521794028124378,
      0.044468583468734585,
      -0.6607570076081434,
      -0.7492814704642148,
      0.293847598773263,
      -0.7180689492630813,
      -1.0830479802744073,
      0.6256855681794969,
      -0.38174688291329967,
      -1.1760153911475595,
      0.7785714398132592,
      -0.15609060724094653,
      -1.2129829181155023,
      0.29060511311712833,
      -0.7644873836472786,
      -0.6675633306295725,
      0.5334416187283261,
      -0.8785297639853793,
      -0.9990874875321125,
      0.8532140027310859,
      -0.5631634500104737,
      -1.086836623896808,
      0.988080314708615,
      -0.3412290247287494,
      -1.1022955124906908,
      0.5414697146222056,
      -0.7945420242319471,
      -0.6060156508208749,
      0.801429216227065,
      -0.8584010116748073,
      -0.8925438804257139,
      0.9908579876652541,
      -0.6315102789581889,
      -0.9853305781613101,
      1.0726308041836987,
      -0.44505791621821,
      -1.0103536852054744
    ],
    "engineered_17": [
      0.5593186020851135,
      0.10414531826972961,
      1.0634946823120117,
      0.2613869905471802,
      1.0852746963500977,
      0.19023944437503815,
      1.1996716260910034,
      0.2782398760318756,
      1.0414539575576782,
      0.33010581135749817,
      0.9930940866470337,
      0.941704273223877,
      0.9274801015853882,
      0.9520057439804077,
      0.9658389091491699,
      0.16089417040348053,
      0.34830930829048157
    ]
  }
}