{
  "tag": "fold_P3_P4",
  "held_out_persons": [
    "P3",
    "P4"
  ],
  "variant": "raw_eng",
  "augment": true,
  "final_mode": false,
  "train_rows": 15391,
  "val_rows": 4421,
  "val_loss": 0.3649803698062897,
  "val_accuracy": 0.8710699081420898,
  "epochs_run": 26,
  "per_class_report": {
    "0": {
      "precision": 0.8095238095238095,
      "recall": 0.6204379562043796,
      "f1-score": 0.7024793388429752,
      "support": 137.0
    },
    "1": {
      "precision": 0.4864864864864865,
      "recall": 0.907563025210084,
      "f1-score": 0.6334310850439883,
      "support": 119.0
    },
    "2": {
      "precision": 0.7733333333333333,
      "recall": 0.9354838709677419,
      "f1-score": 0.8467153284671532,
      "support": 124.0
    },
    "3": {
      "precision": 0.9732142857142857,
      "recall": 1.0,
      "f1-score": 0.9864253393665159,
      "support": 109.0
    },
    "4": {
      "precision": 1.0,
      "recall": 1.0,
      "f1-score": 1.0,
      "support": 120.0
    },
    "5": {
      "precision": 0.7272727272727273,
      "recall": 1.0,
      "f1-score": 0.8421052631578947,
      "support": 128.0
    },
    "6": {
      "precision": 0.4918032786885246,
      "recall": 0.49586776859504134,
      "f1-score": 0.49382716049382713,
      "support": 121.0
    },
    "7": {
      "precision": 1.0,
      "recall": 1.0,
      "f1-score": 1.0,
      "support": 109.0
    },
    "8": {
      "precision": 1.0,
      "recall": 1.0,
      "f1-score": 1.0,
      "support": 113.0
    },
    "9": {
      "precision": 1.0,
      "recall": 1.0,
      "f1-score": 1.0,
      "support": 125.0
    },
    "A": {
      "precision": 1.0,
      "recall": 1.0,
      "f1-score": 1.0,
      "support": 141.0
    },
    "B": {
      "precision": 1.0,
      "recall": 1.0,
      "f1-score": 1.0,
      "support": 113.0
    },
    "C": {
      "precision": 0.975,
      "recall": 0.8478260869565217,
      "f1-score": 0.9069767441860465,
      "support": 138.0
    },
    "D": {
      "precision": 0.9097744360902256,
      "recall": 1.0,
      "f1-score": 0.952755905511811,
      "support": 121.0
    },
    "E": {
      "precision": 0.6862745098039216,
      "recall": 1.0,
      "f1-score": 0.813953488372093,
      "support": 140.0
    },
    "F": {
      "precision": 1.0,
      "recall": 1.0,
      "f1-score": 1.0,
      "support": 123.0
    },
    "G": {
      "precision": 1.0,
      "recall": 0.991304347826087,
      "f1-score": 0.9956331877729258,
      "support": 115.0
    },
    "H": {
      "precision": 0.992,
      "recall": 1.0,
      "f1-score": 0.9959839357429718,
      "support": 124.0
    },
    "I": {
      "precision": 1.0,
      "recall": 0.9368421052631579,
      "f1-score": 0.967391304347826,
      "support": 95.0
    },
    "J": {
      "precision": 0.9523809523809523,
      "recall": 1.0,
      "f1-score": 0.975609756097561,
      "support": 120.0
    },
    "K": {
      "precision": 1.0,
      "recall": 0.8879310344827587,
      "f1-score": 0.9406392694063926,
      "support": 116.0
    },
    "L": {
      "precision": 1.0,
      "recall": 1.0,
      "f1-score": 1.0,
      "support": 120.0
    },
    "M": {
      "precision": 1.0,
      "recall": 0.5407407407407407,
      "f1-score": 0.7019230769230769,
      "support": 135.0
    },
    "N": {
      "precision": 0.946236559139785,
      "recall": 0.5534591194968553,
      "f1-score": 0.6984126984126984,
      "support": 159.0
    },
    "O": {
      "precision": 0.9629629629629629,
      "recall": 0.9397590361445783,
      "f1-score": 0.9512195121951219,
      "support": 83.0
    },
    "P": {
      "precision": 1.0,
      "recall": 0.9879518072289156,
      "f1-score": 0.9939393939393939,
      "support": 83.0
    },
    "Q": {
      "precision": 0.9933774834437086,
      "recall": 1.0,
      "f1-score": 0.9966777408637874,
      "support": 150.0
    },
    "R": {
      "precision": 1.0,
      "recall": 1.0,
      "f1-score": 1.0,
      "support": 124.0
    },
    "S": {
      "precision": 0.7559523809523809,
      "recall": 0.9477611940298507,
      "f1-score": 0.8410596026490066,
      "support": 134.0
    },
    "T": {
      "precision": 0.4928571428571429,
      "recall": 0.6272727272727273,
      "f1-score": 0.552,
      "support": 110.0
    },
    "U": {
      "precision": 0.8992248062015504,
      "recall": 1.0,
      "f1-score": 0.9469387755102041,
      "support": 116.0
    },
    "V": {
      "precision": 0.9058823529411765,
      "recall": 0.6936936936936937,
      "f1-score": 0.7857142857142857,
      "support": 111.0
    },
    "W": {
      "precision": 0.5271317829457365,
      "recall": 0.5230769230769231,
      "f1-score": 0.525096525096525,
      "support": 130.0
    },
    "X": {
      "precision": 1.0,
      "recall": 1.0,
      "f1-score": 1.0,
      "support": 156.0
    },
    "Y": {
      "precision": 1.0,
      "recall": 1.0,
      "f1-score": 1.0,
      "support": 135.0
    },
    "Z": {
      "precision": 1.0,
      "recall": 0.08064516129032258,
      "f1-score": 0.14925373134328357,
      "support": 124.0
    },
    "accuracy": 0.8710698936892106,
    "macro avg": {
      "precision": 0.8961302580760753,
      "recall": 0.8754893499577884,
      "f1-score": 0.8665600680404824,
      "support": 4421.0
    },
    "weighted avg": {
      "precision": 0.8949695813383067,
      "recall": 0.8710698936892106,
      "f1-score": 0.8629656018262126,
      "support": 4421.0
    }
  },