{
  "tag": "fold_P9_P10",
  "held_out_persons": [
    "P9",
    "P10"
  ],
  "variant": "raw_eng",
  "augment": true,
  "final_mode": false,
  "train_rows": 15946,
  "val_rows": 3866,
  "val_loss": 0.3878423571586609,
  "val_accuracy": 0.8471288084983826,
  "epochs_run": 24,
  "per_class_report": {
    "0": {
      "precision": 1.0,
      "recall": 0.7636363636363637,
      "f1-score": 0.865979381443299,
      "support": 55.0
    },
    "1": {
      "precision": 0.8653846153846154,
      "recall": 0.4411764705882353,
      "f1-score": 0.5844155844155844,
      "support": 102.0
    },
    "2": {
      "precision": 1.0,
      "recall": 0.5688073394495413,
      "f1-score": 0.7251461988304093,
      "support": 109.0
    },
    "3": {
      "precision": 1.0,
      "recall": 1.0,
      "f1-score": 1.0,
      "support": 114.0
    },
    "4": {
      "precision": 0.7192982456140351,
      "recall": 1.0,
      "f1-score": 0.8367346938775511,
      "support": 123.0
    },
    "5": {
      "precision": 0.9090909090909091,
      "recall": 1.0,
      "f1-score": 0.9523809523809523,
      "support": 120.0
    },
    "6": {
      "precision": 0.3592233009708738,
      "recall": 0.30578512396694213,
      "f1-score": 0.33035714285714285,
      "support": 121.0
    },
    "7": {
      "precision": 1.0,
      "recall": 1.0,
      "f1-score": 1.0,
      "support": 120.0
    },
    "8": {
      "precision": 1.0,
      "recall": 1.0,
      "f1-score": 1.0,
      "support": 134.0
    },
    "9": {
      "precision": 1.0,
      "recall": 1.0,
      "f1-score": 1.0,
      "support": 122.0
    },
    "A": {
      "precision": 0.0,
      "recall": 0.0,
      "f1-score": 0.0,
      "support": 0.0
    },
    "B": {
      "precision": 1.0,
      "recall": 0.6307692307692307,
      "f1-score": 0.7735849056603774,
      "support": 130.0
    },
    "C": {
      "precision": 1.0,
      "recall": 1.0,
      "f1-score": 1.0,
      "support": 82.0
    },
    "D": {
      "precision": 1.0,
      "recall": 0.9481481481481482,
      "f1-score": 0.973384030418251,
      "support": 135.0
    },
    "E": {
      "precision": 1.0,
      "recall": 1.0,
      "f1-score": 1.0,
      "support": 162.0
    },
    "F": {
      "precision": 1.0,
      "recall": 1.0,
      "f1-score": 1.0,
      "support": 117.0
    },
    "G": {
      "precision": 1.0,
      "recall": 1.0,
      "f1-score": 1.0,
      "support": 145.0
    },
    "H": {
      "precision": 1.0,
      "recall": 1.0,
      "f1-score": 1.0,
      "support": 116.0
    },
    "I": {
      "precision": 1.0,
      "recall": 0.007874015748031496,
      "f1-score": 0.015625,
      "support": 127.0
    },
    "J": {
      "precision": 0.5153846153846153,
      "recall": 1.0,
      "f1-score": 0.6802030456852792,
      "support": 134.0
    },
    "K": {
      "precision": 1.0,
      "recall": 1.0,
      "f1-score": 1.0,
      "support": 124.0
    },
    "L": {
      "precision": 1.0,
      "recall": 1.0,
      "f1-score": 1.0,
      "support": 121.0
    },
    "M": {
      "precision": 0.585635359116022,
      "recall": 1.0,
      "f1-score": 0.7386759581881533,
      "support": 106.0
    },
    "N": {
      "precision": 0.0,
      "recall": 0.0,
      "f1-score": 0.0,
      "support": 75.0
    },
    "O": {
      "precision": 0.0,
      "recall": 0.0,
      "f1-score": 0.0,
      "support": 0.0
    },
    "P": {
      "precision": 1.0,
      "recall": 1.0,
      "f1-score": 1.0,
      "support": 150.0
    },
    "Q": {
      "precision": 1.0,
      "recall": 1.0,
      "f1-score": 1.0,
      "support": 76.0
    },
    "R": {
      "precision": 1.0,
      "recall": 0.926829268292683,
      "f1-score": 0.9620253164556962,
      "support": 123.0
    },
    "S": {
      "precision": 1.0,
      "recall": 1.0,
      "f1-score": 1.0,
      "support": 84.0
    },
    "T": {
      "precision": 0.0,
      "recall": 0.0,
      "f1-score": 0.0,
      "support": 0.0
    },
    "U": {
      "precision": 0.9262295081967213,
      "recall": 0.9576271186440678,
      "f1-score": 0.9416666666666667,
      "support": 118.0
    },
    "V": {
      "precision": 0.688622754491018,
      "recall": 1.0,
      "f1-score": 0.8156028368794326,
      "support": 115.0
    },
    "W": {
      "precision": 0.4125874125874126,
      "recall": 0.472,
      "f1-score": 0.44029850746268656,
      "support": 125.0
    },
    "X": {
      "precision": 1.0,
      "recall": 0.5909090909090909,
      "f1-score": 0.7428571428571429,
      "support": 132.0
    },
    "Y": {
      "precision": 1.0,
      "recall": 1.0,
      "f1-score": 1.0,
      "support": 120.0
    },
    "Z": {
      "precision": 0.5375,
      "recall": 1.0,
      "f1-score": 0.6991869918699187,
      "support": 129.0
    },
    "accuracy": 0.847128815312985,
    "macro avg": {
      "precision": 0.7921932422454506,
      "recall": 0.7670433936153427,
      "f1-score": 0.7521701209985707,
      "support": 3866.0
    },
    "weighted avg": {
      "precision": 0.8711423578176631,
      "recall": 0.847128815312985,
      "f1-score": 0.8278301316052219,
      "support": 3866.0
    }
  },