{
  "tag": "fold_P7_P8",
  "held_out_persons": [
    "P7",
    "P8"
  ],
  "variant": "raw_eng",
  "augment": true,
  "final_mode": false,
  "train_rows": 16284,
  "val_rows": 3528,
  "val_loss": 0.7851940393447876,
  "val_accuracy": 0.807539701461792,
  "epochs_run": 21,
  "per_class_report": {
    "0": {
      "precision": 0.3577586206896552,
      "recall": 0.9431818181818182,
      "f1-score": 0.51875,
      "support": 88.0
    },
    "1": {
      "precision": 0.8620689655172413,
      "recall": 0.5952380952380952,
      "f1-score": 0.704225352112676,
      "support": 126.0
    },
    "2": {
      "precision": 0.4957983193277311,
      "recall": 0.472,
      "f1-score": 0.48360655737704916,
      "support": 125.0
    },
    "3": {
      "precision": 0.8993288590604027,
      "recall": 1.0,
      "f1-score": 0.9469964664310954,
      "support": 134.0
    },
    "4": {
      "precision": 1.0,
      "recall": 1.0,
      "f1-score": 1.0,
      "support": 118.0
    },
    "5": {
      "precision": 1.0,
      "recall": 1.0,
      "f1-score": 1.0,
      "support": 112.0
    },
    "6": {
      "precision": 0.48945147679324896,
      "recall": 1.0,
      "f1-score": 0.6572237960339944,
      "support": 116.0
    },
    "7": {
      "precision": 1.0,
      "recall": 1.0,
      "f1-score": 1.0,
      "support": 133.0
    },
    "8": {
      "precision": 1.0,
      "recall": 1.0,
      "f1-score": 1.0,
      "support": 124.0
    },
    "9": {
      "precision": 1.0,
      "recall": 1.0,
      "f1-score": 1.0,
      "support": 119.0
    },
    "A": {
      "precision": 0.0,
      "recall": 0.0,
      "f1-score": 0.0,
      "support": 63.0
    },
    "B": {
      "precision": 1.0,
      "recall": 1.0,
      "f1-score": 1.0,
      "support": 122.0
    },
    "C": {
      "precision": 0.0,
      "recall": 0.0,
      "f1-score": 0.0,
      "support": 0.0
    },
    "D": {
      "precision": 0.45517241379310347,
      "recall": 0.6875,
      "f1-score": 0.5477178423236515,
      "support": 96.0
    },
    "E": {
      "precision": 1.0,
      "recall": 0.9,
      "f1-score": 0.9473684210526315,
      "support": 20.0
    },
    "F": {
      "precision": 0.9833333333333333,
      "recall": 1.0,
      "f1-score": 0.9915966386554622,
      "support": 118.0
    },
    "G": {
      "precision": 1.0,
      "recall": 1.0,
      "f1-score": 1.0,
      "support": 136.0
    },
    "H": {
      "precision": 0.9916666666666667,
      "recall": 1.0,
      "f1-score": 0.99581589958159,
      "support": 119.0
    },
    "I": {
      "precision": 1.0,
      "recall": 1.0,
      "f1-score": 1.0,
      "support": 107.0
    },
    "J": {
      "precision": 1.0,
      "recall": 1.0,
      "f1-score": 1.0,
      "support": 107.0
    },
    "K": {
      "precision": 1.0,
      "recall": 1.0,
      "f1-score": 1.0,
      "support": 118.0
    },
    "L": {
      "precision": 0.7243589743589743,
      "recall": 1.0,
      "f1-score": 0.8401486988847584,
      "support": 113.0
    },
    "M": {
      "precision": 0.9606299212598425,
      "recall": 1.0,
      "f1-score": 0.9799196787148594,
      "support": 122.0
    },
    "N": {
      "precision": 0.0,
      "recall": 0.0,
      "f1-score": 0.0,
      "support": 0.0
    },
    "O": {
      "precision": 0.0,
      "recall": 0.0,
      "f1-score": 0.0,
      "support": 69.0
    },
    "P": {
      "precision": 1.0,
      "recall": 1.0,
      "f1-score": 1.0,
      "support": 143.0
    },
    "Q": {
      "precision": 1.0,
      "recall": 1.0,
      "f1-score": 1.0,
      "support": 48.0
    },
    "R": {
      "precision": 0.8958333333333334,
      "recall": 0.3805309734513274,
      "f1-score": 0.5341614906832298,
      "support": 113.0
    },
    "S": {
      "precision": 0.0,
      "recall": 0.0,
      "f1-score": 0.0,
      "support": 77.0
    },
    "T": {
      "precision": 0.0,
      "recall": 0.0,
      "f1-score": 0.0,
      "support": 0.0
    },
    "U": {
      "precision": 0.45267489711934156,
      "recall": 0.9565217391304348,
      "f1-score": 0.6145251396648045,
      "support": 115.0
    },
    "V": {
      "precision": 0.9508196721311475,
      "recall": 0.4915254237288136,
      "f1-score": 0.6480446927374302,
      "support": 118.0
    },
    "W": {
      "precision": 0.0,
      "recall": 0.0,
      "f1-score": 0.0,
      "support": 121.0
    },
    "X": {
      "precision": 1.0,
      "recall": 0.9583333333333334,
      "f1-score": 0.9787234042553191,
      "support": 24.0
    },
    "Y": {
      "precision": 0.9930555555555556,
      "recall": 1.0,
      "f1-score": 0.9965156794425087,
      "support": 143.0
    },
    "Z": {
      "precision": 0.5535714285714286,
      "recall": 0.512396694214876,
      "f1-score": 0.5321888412017167,
      "support": 121.0
    },
    "accuracy": 0.8075396825396826,
    "macro avg": {
      "precision": 0.6962645121530835,
      "recall": 0.7193674465910749,
      "f1-score": 0.6921535721986883,
      "support": 3528.0
    },
    "weighted avg": {
      "precision": 0.7827734971512083,
      "recall": 0.8075396825396826,
      "f1-score": 0.7778855862393408,
      "support": 3528.0
    }
  },