{
  "tag": "fold_P1_P2",
  "held_out_persons": [
    "P1",
    "P2"
  ],
  "variant": "raw_eng",
  "augment": true,
  "final_mode": false,
  "train_rows": 16194,
  "val_rows": 3618,
  "val_loss": 0.2343817502260208,
  "val_accuracy": 0.910171389579773,
  "epochs_run": 42,
  "per_class_report": {
    "0": {
      "precision": 1.0,
      "recall": 0.6666666666666666,
      "f1-score": 0.8,
      "support": 3.0
    },
    "1": {
      "precision": 0.7529411764705882,
      "recall": 1.0,
      "f1-score": 0.8590604026845637,
      "support": 128.0
    },
    "2": {
      "precision": 0.7738095238095238,
      "recall": 0.5284552845528455,
      "f1-score": 0.6280193236714976,
      "support": 123.0
    },
    "3": {
      "precision": 1.0,
      "recall": 1.0,
      "f1-score": 1.0,
      "support": 119.0
    },
    "4": {
      "precision": 1.0,
      "recall": 1.0,
      "f1-score": 1.0,
      "support": 117.0
    },
    "5": {
      "precision": 1.0,
      "recall": 1.0,
      "f1-score": 1.0,
      "support": 121.0
    },
    "6": {
      "precision": 0.6666666666666666,
      "recall": 0.8833333333333333,
      "f1-score": 0.7598566308243727,
      "support": 120.0
    },
    "7": {
      "precision": 1.0,
      "recall": 1.0,
      "f1-score": 1.0,
      "support": 118.0
    },
    "8": {
      "precision": 1.0,
      "recall": 1.0,
      "f1-score": 1.0,
      "support": 106.0
    },
    "9": {
      "precision": 1.0,
      "recall": 1.0,
      "f1-score": 1.0,
      "support": 130.0
    },
    "A": {
      "precision": 1.0,
      "recall": 1.0,
      "f1-score": 1.0,
      "support": 18.0
    },
    "B": {
      "precision": 1.0,
      "recall": 1.0,
      "f1-score": 1.0,
      "support": 123.0
    },
    "C": {
      "precision": 0.47058823529411764,
      "recall": 1.0,
      "f1-score": 0.64,
      "support": 8.0
    },
    "D": {
      "precision": 1.0,
      "recall": 1.0,
      "f1-score": 1.0,
      "support": 117.0
    },
    "E": {
      "precision": 1.0,
      "recall": 1.0,
      "f1-score": 1.0,
      "support": 84.0
    },
    "F": {
      "precision": 1.0,
      "recall": 1.0,
      "f1-score": 1.0,
      "support": 116.0
    },
    "G": {
      "precision": 1.0,
      "recall": 1.0,
      "f1-score": 1.0,
      "support": 70.0
    },
    "H": {
      "precision": 1.0,
      "recall": 1.0,
      "f1-score": 1.0,
      "support": 130.0
    },
    "I": {
      "precision": 1.0,
      "recall": 1.0,
      "f1-score": 1.0,
      "support": 135.0
    },
    "J": {
      "precision": 1.0,
      "recall": 1.0,
      "f1-score": 1.0,
      "support": 107.0
    },
    "K": {
      "precision": 1.0,
      "recall": 1.0,
      "f1-score": 1.0,
      "support": 121.0
    },
    "L": {
      "precision": 1.0,
      "recall": 1.0,
      "f1-score": 1.0,
      "support": 121.0
    },
    "M": {
      "precision": 1.0,
      "recall": 0.8978102189781022,
      "f1-score": 0.9461538461538461,
      "support": 137.0
    },
    "N": {
      "precision": 0.851063829787234,
      "recall": 1.0,
      "f1-score": 0.9195402298850575,
      "support": 80.0
    },
    "O": {
      "precision": 0.9777777777777777,
      "recall": 0.8301886792452831,
      "f1-score": 0.8979591836734694,
      "support": 53.0
    },
    "P": {
      "precision": 1.0,
      "recall": 1.0,
      "f1-score": 1.0,
      "support": 82.0
    },
    "Q": {
      "precision": 1.0,
      "recall": 1.0,
      "f1-score": 1.0,
      "support": 96.0
    },
    "R": {
      "precision": 0.5704697986577181,
      "recall": 0.7327586206896551,
      "f1-score": 0.6415094339622641,
      "support": 116.0
    },
    "S": {
      "precision": 1.0,
      "recall": 0.7619047619047619,
      "f1-score": 0.8648648648648649,
      "support": 84.0
    },
    "T": {
      "precision": 1.0,
      "recall": 1.0,
      "f1-score": 1.0,
      "support": 57.0
    },
    "U": {
      "precision": 0.6630434782608695,
      "recall": 0.488,
      "f1-score": 0.5622119815668203,
      "support": 125.0
    },
    "V": {
      "precision": 0.6647398843930635,
      "recall": 0.8582089552238806,
      "f1-score": 0.749185667752443,
      "support": 134.0
    },
    "W": {
      "precision": 0.8055555555555556,
      "recall": 0.5225225225225225,
      "f1-score": 0.6338797814207651,
      "support": 111.0
    },
    "X": {
      "precision": 0.8620689655172413,
      "recall": 1.0,
      "f1-score": 0.9259259259259259,
      "support": 125.0
    },
    "Y": {
      "precision": 1.0,
      "recall": 1.0,
      "f1-score": 1.0,
      "support": 67.0
    },
    "Z": {
      "precision": 1.0,
      "recall": 0.6379310344827587,
      "f1-score": 0.7789473684210526,
      "support": 116.0
    },
    "accuracy": 0.910171365395246,
    "macro avg": {
      "precision": 0.9182979136719543,
      "recall": 0.9113272243777727,
      "f1-score": 0.9057531844668597,
      "support": 3618.0
    },
    "weighted avg": {
      "precision": 0.9191631950791201,
      "recall": 0.910171365395246,
      "f1-score": 0.9082027218023652,
      "support": 3618.0
    }
  },