{
  "tag": "holdout_raw_aug",
  "held_out_persons": [
    "P5",
    "P6"
  ],
  "variant": "raw",
  "augment": true,
  "final_mode": false,
  "train_rows": 15433,
  "val_rows": 4379,
  "val_loss": 0.2332952320575714,
  "val_accuracy": 0.9360584616661072,
  "epochs_run": 32,
  "per_class_report": {
    "0": {
      "precision": 0.9808917197452229,
      "recall": 0.9685534591194969,
      "f1-score": 0.9746835443037974,
      "support": 159.0
    },
    "1": {
      "precision": 1.0,
      "recall": 0.856,
      "f1-score": 0.9224137931034483,
      "support": 125.0
    },
    "2": {
      "precision": 1.0,
      "recall": 1.0,
      "f1-score": 1.0,
      "support": 119.0
    },
    "3": {
      "precision": 0.96875,
      "recall": 1.0,
      "f1-score": 0.9841269841269841,
      "support": 124.0
    },
    "4": {
      "precision": 1.0,
      "recall": 0.9918032786885246,
      "f1-score": 0.9958847736625515,
      "support": 122.0
    },
    "5": {
      "precision": 1.0,
      "recall": 1.0,
      "f1-score": 1.0,
      "support": 119.0
    },
    "6": {
      "precision": 1.0,
      "recall": 0.4672131147540984,
      "f1-score": 0.6368715083798883,
      "support": 122.0
    },
    "7": {
      "precision": 1.0,
      "recall": 1.0,
      "f1-score": 1.0,
      "support": 120.0
    },
    "8": {
      "precision": 1.0,
      "recall": 1.0,
      "f1-score": 1.0,
      "support": 123.0
    },
    "9": {
      "precision": 1.0,
      "recall": 1.0,
      "f1-score": 1.0,
      "support": 104.0
    },
    "A": {
      "precision": 1.0,
      "recall": 0.8899082568807339,
      "f1-score": 0.941747572815534,
      "support": 109.0
    },
    "B": {
      "precision": 0.9911504424778761,
      "recall": 1.0,
      "f1-score": 0.9955555555555555,
      "support": 112.0
    },
    "C": {
      "precision": 0.0,
      "recall": 0.0,
      "f1-score": 0.0,
      "support": 68.0
    },
    "D": {
      "precision": 1.0,
      "recall": 0.8473282442748091,
      "f1-score": 0.9173553719008265,
      "support": 131.0
    },
    "E": {
      "precision": 1.0,
      "recall": 0.9533333333333334,
      "f1-score": 0.9761092150170648,
      "support": 150.0
    },
    "F": {
      "precision": 1.0,
      "recall": 1.0,
      "f1-score": 1.0,
      "support": 126.0
    },
    "G": {
      "precision": 1.0,
      "recall": 1.0,
      "f1-score": 1.0,
      "support": 134.0
    },
    "H": {
      "precision": 1.0,
      "recall": 1.0,
      "f1-score": 1.0,
      "support": 111.0
    },
    "I": {
      "precision": 1.0,
      "recall": 1.0,
      "f1-score": 1.0,
      "support": 136.0
    },
    "J": {
      "precision": 1.0,
      "recall": 1.0,
      "f1-score": 1.0,
      "support": 132.0
    },
    "K": {
      "precision": 1.0,
      "recall": 1.0,
      "f1-score": 1.0,
      "support": 121.0
    },
    "L": {
      "precision": 0.8741258741258742,
      "recall": 1.0,
      "f1-score": 0.9328358208955224,
      "support": 125.0
    },
    "M": {
      "precision": 0.847457627118644,
      "recall": 1.0,
      "f1-score": 0.9174311926605505,
      "support": 100.0
    },
    "N": {
      "precision": 0.9637681159420289,
      "recall": 0.9925373134328358,
      "f1-score": 0.9779411764705882,
      "support": 134.0
    },
    "O": {
      "precision": 0.0547945205479452,
      "recall": 0.2,
      "f1-score": 0.08602150537634409,
      "support": 20.0
    },
    "P": {
      "precision": 1.0,
      "recall": 1.0,
      "f1-score": 1.0,
      "support": 142.0
    },
    "Q": {
      "precision": 1.0,
      "recall": 1.0,
      "f1-score": 1.0,
      "support": 99.0
    },
    "R": {
      "precision": 0.7045454545454546,
      "recall": 1.0,
      "f1-score": 0.8266666666666667,
      "support": 124.0
    },
    "S": {
      "precision": 0.8802395209580839,
      "recall": 1.0,
      "f1-score": 0.9363057324840764,
      "support": 147.0
    },
    "T": {
      "precision": 1.0,
      "recall": 0.9210526315789473,
      "f1-score": 0.958904109589041,
      "support": 152.0
    },
    "U": {
      "precision": 1.0,
      "recall": 0.5873015873015873,
      "f1-score": 0.74,
      "support": 126.0
    },
    "V": {
      "precision": 1.0,
      "recall": 1.0,
      "f1-score": 1.0,
      "support": 122.0
    },
    "W": {
      "precision": 0.6348314606741573,
      "recall": 1.0,
      "f1-score": 0.7766323024054983,
      "support": 113.0
    },
    "X": {
      "precision": 0.9876543209876543,
      "recall": 0.9815950920245399,
      "f1-score": 0.9846153846153847,
      "support": 163.0
    },
    "Y": {
      "precision": 1.0,
      "recall": 1.0,
      "f1-score": 1.0,
      "support": 135.0
    },
    "Z": {
      "precision": 0.8270676691729323,
      "recall": 1.0,
      "f1-score": 0.9053497942386831,
      "support": 110.0
    },
    "accuracy": 0.9360584608358072,
    "macro avg": {
      "precision": 0.9087576868415521,
      "recall": 0.9071285086496919,
      "f1-score": 0.8996514445630002,
      "support": 4379.0
    },
    "weighted avg": {
      "precision": 0.9435505473515566,
      "recall": 0.9360584608358072,
      "f1-score": 0.9324814975145392,
      "support": 4379.0
    }
  },