{
  "tag": "holdout_baseline_dedup",
  "held_out_persons": [
    "P5",
    "P6"
  ],
  "variant": "raw",
  "augment": false,
  "final_mode": false,
  "train_rows": 15433,
  "val_rows": 4379,
  "val_loss": 0.19921962916851044,
  "val_accuracy": 0.9317195415496826,
  "epochs_run": 31,
  "per_class_report": {
    "0": {
      "precision": 0.9141104294478528,
      "recall": 0.9371069182389937,
      "f1-score": 0.9254658385093167,
      "support": 159.0
    },
    "1": {
      "precision": 1.0,
      "recall": 1.0,
      "f1-score": 1.0,
      "support": 125.0
    },
    "2": {
      "precision": 1.0,
      "recall": 1.0,
      "f1-score": 1.0,
      "support": 119.0
    },
    "3": {
      "precision": 1.0,
      "recall": 1.0,
      "f1-score": 1.0,
      "support": 124.0
    },
    "4": {
      "precision": 1.0,
      "recall": 1.0,
      "f1-score": 1.0,
      "support": 122.0
    },
    "5": {
      "precision": 1.0,
      "recall": 1.0,
      "f1-score": 1.0,
      "support": 119.0
    },
    "6": {
      "precision": 1.0,
      "recall": 0.5163934426229508,
      "f1-score": 0.6810810810810811,
      "support": 122.0
    },
    "7": {
      "precision": 1.0,
      "recall": 1.0,
      "f1-score": 1.0,
      "support": 120.0
    },
    "8": {
      "precision": 1.0,
      "recall": 1.0,
      "f1-score": 1.0,
      "support": 123.0
    },
    "9": {
      "precision": 1.0,
      "recall": 1.0,
      "f1-score": 1.0,
      "support": 104.0
    },
    "A": {
      "precision": 0.97,
      "recall": 0.8899082568807339,
      "f1-score": 0.9282296650717703,
      "support": 109.0
    },
    "B": {
      "precision": 1.0,
      "recall": 1.0,
      "f1-score": 1.0,
      "support": 112.0
    },
    "C": {
      "precision": 0.0,
      "recall": 0.0,
      "f1-score": 0.0,
      "support": 68.0
    },
    "D": {
      "precision": 1.0,
      "recall": 0.816793893129771,
      "f1-score": 0.8991596638655462,
      "support": 131.0
    },
    "E": {
      "precision": 1.0,
      "recall": 0.9933333333333333,
      "f1-score": 0.9966555183946488,
      "support": 150.0
    },
    "F": {
      "precision": 1.0,
      "recall": 0.9761904761904762,
      "f1-score": 0.9879518072289156,
      "support": 126.0
    },
    "G": {
      "precision": 1.0,
      "recall": 1.0,
      "f1-score": 1.0,
      "support": 134.0
    },
    "H": {
      "precision": 1.0,
      "recall": 1.0,
      "f1-score": 1.0,
      "support": 111.0
    },
    "I": {
      "precision": 1.0,
      "recall": 1.0,
      "f1-score": 1.0,
      "support": 136.0
    },
    "J": {
      "precision": 1.0,
      "recall": 1.0,
      "f1-score": 1.0,
      "support": 132.0
    },
    "K": {
      "precision": 1.0,
      "recall": 1.0,
      "f1-score": 1.0,
      "support": 121.0
    },
    "L": {
      "precision": 1.0,
      "recall": 1.0,
      "f1-score": 1.0,
      "support": 125.0
    },
    "M": {
      "precision": 0.8849557522123894,
      "recall": 1.0,
      "f1-score": 0.9389671361502347,
      "support": 100.0
    },
    "N": {
      "precision": 1.0,
      "recall": 0.9552238805970149,
      "f1-score": 0.9770992366412213,
      "support": 134.0
    },
    "O": {
      "precision": 0.056338028169014086,
      "recall": 0.2,
      "f1-score": 0.08791208791208792,
      "support": 20.0
    },
    "P": {
      "precision": 1.0,
      "recall": 1.0,
      "f1-score": 1.0,
      "support": 142.0
    },
    "Q": {
      "precision": 1.0,
      "recall": 1.0,
      "f1-score": 1.0,
      "support": 99.0
    },
    "R": {
      "precision": 0.6966292134831461,
      "recall": 1.0,
      "f1-score": 0.8211920529801324,
      "support": 124.0
    },
    "S": {
      "precision": 0.8448275862068966,
      "recall": 1.0,
      "f1-score": 0.9158878504672897,
      "support": 147.0
    },
    "T": {
      "precision": 1.0,
      "recall": 0.881578947368421,
      "f1-score": 0.9370629370629371,
      "support": 152.0
    },
    "U": {
      "precision": 1.0,
      "recall": 0.3888888888888889,
      "f1-score": 0.56,
      "support": 126.0
    },
    "V": {
      "precision": 0.8413793103448276,
      "recall": 1.0,
      "f1-score": 0.9138576779026217,
      "support": 122.0
    },
    "W": {
      "precision": 0.6569767441860465,
      "recall": 1.0,
      "f1-score": 0.7929824561403509,
      "support": 113.0
    },
    "X": {
      "precision": 1.0,
      "recall": 0.9693251533742331,
      "f1-score": 0.9844236760124611,
      "support": 163.0
    },
    "Y": {
      "precision": 1.0,
      "recall": 1.0,
      "f1-score": 1.0,
      "support": 135.0
    },
    "Z": {
      "precision": 0.7913669064748201,
      "recall": 1.0,
      "f1-score": 0.8835341365461847,
      "support": 110.0
    },
    "accuracy": 0.9317195706782371,
    "macro avg": {
      "precision": 0.9071273325145831,
      "recall": 0.9034650886284672,
      "f1-score": 0.8953184117213,
      "support": 4379.0
    },
    "weighted avg": {
      "precision": 0.9413575198397978,
      "recall": 0.9317195706782371,
      "f1-score": 0.927375835055309,
      "support": 4379.0
    }
  },