{
  "tag": "holdout_raweng_aug",
  "held_out_persons": [
    "P5",
    "P6"
  ],
  "variant": "raw_eng",
  "augment": true,
  "final_mode": false,
  "train_rows": 15433,
  "val_rows": 4379,
  "val_loss": 0.21039101481437683,
  "val_accuracy": 0.9296643137931824,
  "epochs_run": 44,
  "per_class_report": {
    "0": {
      "precision": 0.9085714285714286,
      "recall": 1.0,
      "f1-score": 0.9520958083832335,
      "support": 159.0
    },
    "1": {
      "precision": 1.0,
      "recall": 0.8,
      "f1-score": 0.8888888888888888,
      "support": 125.0
    },
    "2": {
      "precision": 1.0,
      "recall": 0.9915966386554622,
      "f1-score": 0.9957805907172996,
      "support": 119.0
    },
    "3": {
      "precision": 1.0,
      "recall": 1.0,
      "f1-score": 1.0,
      "support": 124.0
    },
    "4": {
      "precision": 1.0,
      "recall": 1.0,
      "f1-score": 1.0,
      "support": 122.0
    },
    "5": {
      "precision": 1.0,
      "recall": 1.0,
      "f1-score": 1.0,
      "support": 119.0
    },
    "6": {
      "precision": 0.8130081300813008,
      "recall": 0.819672131147541,
      "f1-score": 0.8163265306122449,
      "support": 122.0
    },
    "7": {
      "precision": 1.0,
      "recall": 1.0,
      "f1-score": 1.0,
      "support": 120.0
    },
    "8": {
      "precision": 1.0,
      "recall": 1.0,
      "f1-score": 1.0,
      "support": 123.0
    },
    "9": {
      "precision": 1.0,
      "recall": 1.0,
      "f1-score": 1.0,
      "support": 104.0
    },
    "A": {
      "precision": 1.0,
      "recall": 0.8899082568807339,
      "f1-score": 0.941747572815534,
      "support": 109.0
    },
    "B": {
      "precision": 1.0,
      "recall": 1.0,
      "f1-score": 1.0,
      "support": 112.0
    },
    "C": {
      "precision": 1.0,
      "recall": 0.23529411764705882,
      "f1-score": 0.38095238095238093,
      "support": 68.0
    },
    "D": {
      "precision": 1.0,
      "recall": 0.6259541984732825,
      "f1-score": 0.7699530516431925,
      "support": 131.0
    },
    "E": {
      "precision": 1.0,
      "recall": 0.9933333333333333,
      "f1-score": 0.9966555183946488,
      "support": 150.0
    },
    "F": {
      "precision": 1.0,
      "recall": 1.0,
      "f1-score": 1.0,
      "support": 126.0
    },
    "G": {
      "precision": 1.0,
      "recall": 1.0,
      "f1-score": 1.0,
      "support": 134.0
    },
    "H": {
      "precision": 1.0,
      "recall": 1.0,
      "f1-score": 1.0,
      "support": 111.0
    },
    "I": {
      "precision": 1.0,
      "recall": 1.0,
      "f1-score": 1.0,
      "support": 136.0
    },
    "J": {
      "precision": 1.0,
      "recall": 1.0,
      "f1-score": 1.0,
      "support": 132.0
    },
    "K": {
      "precision": 1.0,
      "recall": 1.0,
      "f1-score": 1.0,
      "support": 121.0
    },
    "L": {
      "precision": 0.8333333333333334,
      "recall": 1.0,
      "f1-score": 0.9090909090909091,
      "support": 125.0
    },
    "M": {
      "precision": 0.9883720930232558,
      "recall": 0.85,
      "f1-score": 0.9139784946236559,
      "support": 100.0
    },
    "N": {
      "precision": 0.788235294117647,
      "recall": 1.0,
      "f1-score": 0.881578947368421,
      "support": 134.0
    },
    "O": {
      "precision": 0.07142857142857142,
      "recall": 0.2,
      "f1-score": 0.10526315789473684,
      "support": 20.0
    },
    "P": {
      "precision": 1.0,
      "recall": 1.0,
      "f1-score": 1.0,
      "support": 142.0
    },
    "Q": {
      "precision": 1.0,
      "recall": 1.0,
      "f1-score": 1.0,
      "support": 99.0
    },
    "R": {
      "precision": 1.0,
      "recall": 1.0,
      "f1-score": 1.0,
      "support": 124.0
    },
    "S": {
      "precision": 0.906832298136646,
      "recall": 0.9931972789115646,
      "f1-score": 0.948051948051948,
      "support": 147.0
    },
    "T": {
      "precision": 0.9696969696969697,
      "recall": 0.8421052631578947,
      "f1-score": 0.9014084507042254,
      "support": 152.0
    },
    "U": {
      "precision": 1.0,
      "recall": 0.5476190476190477,
      "f1-score": 0.7076923076923077,
      "support": 126.0
    },
    "V": {
      "precision": 0.6777777777777778,
      "recall": 1.0,
      "f1-score": 0.8079470198675497,
      "support": 122.0
    },
    "W": {
      "precision": 0.8035714285714286,
      "recall": 0.7964601769911505,
      "f1-score": 0.8,
      "support": 113.0
    },
    "X": {
      "precision": 1.0,
      "recall": 0.9386503067484663,
      "f1-score": 0.9683544303797469,
      "support": 163.0
    },
    "Y": {
      "precision": 1.0,
      "recall": 1.0,
      "f1-score": 1.0,
      "support": 135.0
    },
    "Z": {
      "precision": 0.6626506024096386,
      "recall": 1.0,
      "f1-score": 0.7971014492753623,
      "support": 110.0
    },
    "accuracy": 0.929664306919388,
    "macro avg": {
      "precision": 0.9284299424207778,
      "recall": 0.903438631932376,
      "f1-score": 0.9023018738154526,
      "support": 4379.0
    },
    "weighted avg": {
      "precision": 0.9490267503139189,
      "recall": 0.929664306919388,
      "f1-score": 0.929164642927641,
      "support": 4379.0
    }
  },