{
  "held_out_persons": [
    "P5",
    "P6"
  ],
  "train_rows": 15433,
  "val_rows": 4379,
  "val_loss": 0.16301380097866058,
  "val_accuracy": 0.9479333162307739,
  "low_val_classes": [],
  "per_class_report": {
    "0": {
      "precision": 0.9857142857142858,
      "recall": 0.8679245283018868,
      "f1-score": 0.9230769230769231,
      "support": 159.0
    },
    "1": {
      "precision": 0.9920634920634921,
      "recall": 1.0,
      "f1-score": 0.9960159362549801,
      "support": 125.0
    },
    "2": {
      "precision": 1.0,
      "recall": 1.0,
      "f1-score": 1.0,
      "support": 119.0
    },
    "3": {
      "precision": 1.0,
      "recall": 1.0,
      "f1-score": 1.0,
      "support": 124.0
    },
    "4": {
      "precision": 1.0,
      "recall": 1.0,
      "f1-score": 1.0,
      "support": 122.0
    },
    "5": {
      "precision": 1.0,
      "recall": 1.0,
      "f1-score": 1.0,
      "support": 119.0
    },
    "6": {
      "precision": 0.975,
      "recall": 0.639344262295082,
      "f1-score": 0.7722772277227723,
      "support": 122.0
    },
    "7": {
      "precision": 1.0,
      "recall": 1.0,
      "f1-score": 1.0,
      "support": 120.0
    },
    "8": {
      "precision": 1.0,
      "recall": 1.0,
      "f1-score": 1.0,
      "support": 123.0
    },
    "9": {
      "precision": 1.0,
      "recall": 1.0,
      "f1-score": 1.0,
      "support": 104.0
    },
    "A": {
      "precision": 1.0,
      "recall": 0.8807339449541285,
      "f1-score": 0.9365853658536586,
      "support": 109.0
    },
    "B": {
      "precision": 1.0,
      "recall": 1.0,
      "f1-score": 1.0,
      "support": 112.0
    },
    "C": {
      "precision": 0.4878048780487805,
      "recall": 0.29411764705882354,
      "f1-score": 0.3669724770642202,
      "support": 68.0
    },
    "D": {
      "precision": 1.0,
      "recall": 0.7862595419847328,
      "f1-score": 0.8803418803418803,
      "support": 131.0
    },
    "E": {
      "precision": 1.0,
      "recall": 0.9533333333333334,
      "f1-score": 0.9761092150170648,
      "support": 150.0
    },
    "F": {
      "precision": 1.0,
      "recall": 1.0,
      "f1-score": 1.0,
      "support": 126.0
    },
    "G": {
      "precision": 1.0,
      "recall": 1.0,
      "f1-score": 1.0,
      "support": 134.0
    },
    "H": {
      "precision": 1.0,
      "recall": 1.0,
      "f1-score": 1.0,
      "support": 111.0
    },
    "I": {
      "precision": 1.0,
      "recall": 1.0,
      "f1-score": 1.0,
      "support": 136.0
    },
    "J": {
      "precision": 1.0,
      "recall": 1.0,
      "f1-score": 1.0,
      "support": 132.0
    },
    "K": {
      "precision": 1.0,
      "recall": 1.0,
      "f1-score": 1.0,
      "support": 121.0
    },
    "L": {
      "precision": 1.0,
      "recall": 1.0,
      "f1-score": 1.0,
      "support": 125.0
    },
    "M": {
      "precision": 0.8264462809917356,
      "recall": 1.0,
      "f1-score": 0.9049773755656109,
      "support": 100.0
    },
    "N": {
      "precision": 0.9925925925925926,
      "recall": 1.0,
      "f1-score": 0.9962825278810409,
      "support": 134.0
    },
    "O": {
      "precision": 0.07692307692307693,
      "recall": 0.2,
      "f1-score": 0.1111111111111111,
      "support": 20.0
    },
    "P": {
      "precision": 1.0,
      "recall": 1.0,
      "f1-score": 1.0,
      "support": 142.0
    },
    "Q": {
      "precision": 1.0,
      "recall": 1.0,
      "f1-score": 1.0,
      "support": 99.0
    },
    "R": {
      "precision": 1.0,
      "recall": 1.0,
      "f1-score": 1.0,
      "support": 124.0
    },
    "S": {
      "precision": 0.8258426966292135,
      "recall": 1.0,
      "f1-score": 0.9046153846153846,
      "support": 147.0
    },
    "T": {
      "precision": 1.0,
      "recall": 0.8618421052631579,
      "f1-score": 0.9257950530035336,
      "support": 152.0
    },
    "U": {
      "precision": 1.0,
      "recall": 1.0,
      "f1-score": 1.0,
      "support": 126.0
    },
    "V": {
      "precision": 1.0,
      "recall": 1.0,
      "f1-score": 1.0,
      "support": 122.0
    },
    "W": {
      "precision": 0.7161290322580646,
      "recall": 0.9823008849557522,
      "f1-score": 0.8283582089552238,
      "support": 113.0
    },
    "X": {
      "precision": 0.9854014598540146,
      "recall": 0.8282208588957055,
      "f1-score": 0.9,
      "support": 163.0
    },
    "Y": {
      "precision": 1.0,
      "recall": 1.0,
      "f1-score": 1.0,
      "support": 135.0
    },
    "Z": {
      "precision": 0.6666666666666666,
      "recall": 1.0,
      "f1-score": 0.8,
      "support": 110.0
    },
    "accuracy": 0.9479333181091574,
    "macro avg": {
      "precision": 0.9314051239372755,
      "recall": 0.9248354751956277,
      "f1-score": 0.9228477412906501,
      "support": 4379.0
    },
    "weighted avg": {
      "precision": 0.9601102911687739,
      "recall": 0.9479333181091574,
      "f1-score": 0.9496455245948446,
      "support": 4379.0
    }
  },