{
  "tag": "fold_P5_P6",
  "held_out_persons": [
    "P5",
    "P6"
  ],
  "variant": "raw_eng",
  "augment": true,
  "final_mode": false,
  "train_rows": 15433,
  "val_rows": 4379,
  "val_loss": 0.16453374922275543,
  "val_accuracy": 0.9360584616661072,
  "epochs_run": 44,
  "per_class_report": {
    "0": {
      "precision": 0.9464285714285714,
      "recall": 1.0,
      "f1-score": 0.9724770642201835,
      "support": 159.0
    },
    "1": {
      "precision": 1.0,
      "recall": 1.0,
      "f1-score": 1.0,
      "support": 125.0
    },
    "2": {
      "precision": 1.0,
      "recall": 1.0,
      "f1-score": 1.0,
      "support": 119.0
    },
    "3": {
      "precision": 1.0,
      "recall": 1.0,
      "f1-score": 1.0,
      "support": 124.0
    },
    "4": {
      "precision": 1.0,
      "recall": 1.0,
      "f1-score": 1.0,
      "support": 122.0
    },
    "5": {
      "precision": 1.0,
      "recall": 1.0,
      "f1-score": 1.0,
      "support": 119.0
    },
    "6": {
      "precision": 0.7536231884057971,
      "recall": 0.8524590163934426,
      "f1-score": 0.8,
      "support": 122.0
    },
    "7": {
      "precision": 1.0,
      "recall": 1.0,
      "f1-score": 1.0,
      "support": 120.0
    },
    "8": {
      "precision": 1.0,
      "recall": 1.0,
      "f1-score": 1.0,
      "support": 123.0
    },
    "9": {
      "precision": 1.0,
      "recall": 1.0,
      "f1-score": 1.0,
      "support": 104.0
    },
    "A": {
      "precision": 1.0,
      "recall": 0.8899082568807339,
      "f1-score": 0.941747572815534,
      "support": 109.0
    },
    "B": {
      "precision": 1.0,
      "recall": 1.0,
      "f1-score": 1.0,
      "support": 112.0
    },
    "C": {
      "precision": 0.16666666666666666,
      "recall": 0.014705882352941176,
      "f1-score": 0.02702702702702703,
      "support": 68.0
    },
    "D": {
      "precision": 1.0,
      "recall": 0.9618320610687023,
      "f1-score": 0.980544747081712,
      "support": 131.0
    },
    "E": {
      "precision": 0.9551282051282052,
      "recall": 0.9933333333333333,
      "f1-score": 0.9738562091503268,
      "support": 150.0
    },
    "F": {
      "precision": 1.0,
      "recall": 1.0,
      "f1-score": 1.0,
      "support": 126.0
    },
    "G": {
      "precision": 1.0,
      "recall": 1.0,
      "f1-score": 1.0,
      "support": 134.0
    },
    "H": {
      "precision": 1.0,
      "recall": 1.0,
      "f1-score": 1.0,
      "support": 111.0
    },
    "I": {
      "precision": 1.0,
      "recall": 1.0,
      "f1-score": 1.0,
      "support": 136.0
    },
    "J": {
      "precision": 1.0,
      "recall": 1.0,
      "f1-score": 1.0,
      "support": 132.0
    },
    "K": {
      "precision": 1.0,
      "recall": 1.0,
      "f1-score": 1.0,
      "support": 121.0
    },
    "L": {
      "precision": 1.0,
      "recall": 1.0,
      "f1-score": 1.0,
      "support": 125.0
    },
    "M": {
      "precision": 0.9339622641509434,
      "recall": 0.99,
      "f1-score": 0.9611650485436893,
      "support": 100.0
    },
    "N": {
      "precision": 0.9640287769784173,
      "recall": 1.0,
      "f1-score": 0.9816849816849816,
      "support": 134.0
    },
    "O": {
      "precision": 0.056338028169014086,
      "recall": 0.2,
      "f1-score": 0.08791208791208792,
      "support": 20.0
    },
    "P": {
      "precision": 1.0,
      "recall": 1.0,
      "f1-score": 1.0,
      "support": 142.0
    },
    "Q": {
      "precision": 1.0,
      "recall": 1.0,
      "f1-score": 1.0,
      "support": 99.0
    },
    "R": {
      "precision": 0.8157894736842105,
      "recall": 1.0,
      "f1-score": 0.8985507246376812,
      "support": 124.0
    },
    "S": {
      "precision": 0.9291338582677166,
      "recall": 0.8027210884353742,
      "f1-score": 0.8613138686131386,
      "support": 147.0
    },
    "T": {
      "precision": 0.8361581920903954,
      "recall": 0.9736842105263158,
      "f1-score": 0.8996960486322189,
      "support": 152.0
    },
    "U": {
      "precision": 1.0,
      "recall": 0.38095238095238093,
      "f1-score": 0.5517241379310345,
      "support": 126.0
    },
    "V": {
      "precision": 0.7093023255813954,
      "recall": 1.0,
      "f1-score": 0.8299319727891157,
      "support": 122.0
    },
    "W": {
      "precision": 0.8144329896907216,
      "recall": 0.6991150442477876,
      "f1-score": 0.7523809523809524,
      "support": 113.0
    },
    "X": {
      "precision": 1.0,
      "recall": 0.9079754601226994,
      "f1-score": 0.9517684887459807,
      "support": 163.0
    },
    "Y": {
      "precision": 1.0,
      "recall": 1.0,
      "f1-score": 1.0,
      "support": 135.0
    },
    "Z": {
      "precision": 0.9016393442622951,
      "recall": 1.0,
      "f1-score": 0.9482758620689655,
      "support": 110.0
    },
    "accuracy": 0.9360584608358072,
    "macro avg": {
      "precision": 0.9106286634584541,
      "recall": 0.9074079648420477,
      "f1-score": 0.9005571331731842,
      "support": 4379.0
    },
    "weighted avg": {
      "precision": 0.941153764686816,
      "recall": 0.9360584608358072,
      "f1-score": 0.9316479401665915,
      "support": 4379.0
    }
  },